V0	V1	V2	V3	V4	V5	V6	V7	V8	V9	V10	V11	V12	Standardized	Long	Lat
1116	7	A'	A'	PROPN	SP	_	4	nsubj	_	_					
3978	35	Acri	Acri	PROPN	SP	_	33	nmod	_	_			Acri		
4073	5	Acri	Acri	PROPN	SP	_	1	obl	_	_					
1696	2	Adunque	Adunque	PROPN	SP	_	4	nsubj	_	SpaceAfter=No					
525	44	Agolante	Agolante	PROPN	SP	_	40	conj	_	SpaceAfter=No					
3867	19	Agolante	Agolante	PROPN	SP	_	16	obj	_	SpaceAfter=No					
3993	25	Agolante	Agolante	PROPN	SP	_	26	nsubj	_	_					
2103	11	Agolanti	Agolante	PROPN	SP	_	10	flat:name	_	SpaceAfter=No					
443	37	Agolanti	Agolante	PROPN	SP	_	34	obl	_	SpaceAfter=No					
465	58	Agolanti	Agolante	PROPN	SP	_	60	nsubj	_	_					
8961	38	Aguamorta	Aguamorto	PROPN	SP	_	36	nmod	_	SpaceAfter=No			Aigues Mortes		
4457	2	Ahi	Ahi	PROPN	SP	_	0	root	_	SpaceAfter=No					
3326	2	Ahi	Ahi	PROPN	SP	_	0	root	_	SpaceAfter=No					
1727	2	Aiuto	aiuto	PROPN	SP	_	0	root	_	SpaceAfter=No					
613	18	Alatiel	Alatiel	PROPN	SP	_	17	xcomp	_	SpaceAfter=No					
8236	11	Alatiel	Alatiel	PROPN	SP	_	9	nsubj	_	_					
3740	114	Alba	alba	PROPN	SP	_	111	obl	_	_			Alba (CN)		
8218	35	Alessandra	Alessandra	PROPN	SP	_	36	obl	_	_			Alessandria d'Egitto		
2365	34	Alessandria	Alessandria	PROPN	SP	_	35	obl	_	_			Alessandria d'Egitto		
8040	39	Alessandria	Alessandria	PROPN	SP	_	35	obl	_	_			Alessandria d'Egitto		
47	9	Alessandria	Alessandria	PROPN	SP	_	7	obl	_	SpaceAfter=No			Alessandria d'Egitto		
3840	16	Alessandria	Alessandria	PROPN	SP	_	14	obl	_	_			Alessandria d'Egitto		
1032	12	Alessandro	Alessandro	PROPN	SP	_	8	obl	_	_					
1149	14	Alessandro	Alessandro	PROPN	SP	_	12	obl	_	SpaceAfter=No					
1191	26	Alessandro	Alessandro	PROPN	SP	_	24	obl	_	SpaceAfter=No					
1198	33	Alessandro	Alessandro	PROPN	SP	_	39	nsubj	_	_					
1330	1	Alessandro	Alessandro	PROPN	SP	_	0	root	_	SpaceAfter=No					
1436	51	Alessandro	Alessandro	PROPN	SP	_	49	nmod	_	_					
1454	3	Alessandro	Alessandro	PROPN	SP	_	1	obj	_	_					
1630	39	Alessandro	Alessandro	PROPN	SP	_	62	nsubj:pass	_	SpaceAfter=No					
1712	4	Alessandro	Alessandro	PROPN	SP	_	9	nsubj	_	_					
1871	1	Alessandro	Alessandro	PROPN	SP	_	3	nmod	_	_					
1912	19	Alessandro	Alessandro	PROPN	SP	_	18	nmod	_	SpaceAfter=No					
1944	8	Alessandro	Alessandro	PROPN	SP	_	10	nsubj	_	_					
2039	57	Alessandro	Alessandro	PROPN	SP	_	58	nsubj	_	_					
2140	3	Alessandro	Alessandro	PROPN	SP	_	4	nsubj	_	_					
2286	1	Alessandro	Alessandro	PROPN	SP	_	19	nsubj	_	SpaceAfter=No					
2430	24	Alessandro	Alessandro	PROPN	SP	_	23	xcomp	_	_					
2492	3	Alessandro	Alessandro	PROPN	SP	_	5	obl	_	_					
2532	13	Alessandro	Alessandro	PROPN	SP	_	14	nsubj	_	_					
2578	2	Alessandro	Alessandro	PROPN	SP	_	4	nsubj	_	SpaceAfter=No					
2602	1	Alessandro	Alessandro	PROPN	SP	_	3	nsubj	_	SpaceAfter=No					
2802	22	Alessandro	Alessandro	PROPN	SP	_	3	nsubj	_	SpaceAfter=No					
2940	17	Alessandro	Alessandro	PROPN	SP	_	19	nsubj	_	_					
3009	19	Alessandro	Alessandro	PROPN	SP	_	16	conj	_	_					
3405	83	Alessandro	Alessandro	PROPN	SP	_	80	nmod	_	_					
3507	70	Alessandro	Alessandro	PROPN	SP	_	69	flat:name	_	_					
3559	29	Alessandro	Alessandro	PROPN	SP	_	27	obl	_	_					
3638	19	Alessandro	Alessandro	PROPN	SP	_	16	conj	_	_					
3711	59	Alessandro	Alessandro	PROPN	SP	_	69	nsubj	_	_					
3776	3	Alessandro	Alessandro	PROPN	SP	_	1	obl	_	_					
3857	10	Alessandro	Alessandro	PROPN	SP	_	7	nmod	_	_					
4015	47	Alessandro	Alessandro	PROPN	SP	_	46	nmod	_	_					
127	43	Alessandro	Alessandro	PROPN	SP	_	38	xcomp	_	_					
765	22	Allessandria	Allessandria	PROPN	SP	_	20	nmod	_	_			Alessandria d'Egitto		
962	60	Allessandro	Allessandro	PROPN	SP	_	59	nmod	_	SpaceAfter=No					
2340	22	Allessandro	Allessandro	PROPN	SP	_	20	conj	_	_					
2347	29	Allessandro	Allessandro	PROPN	SP	_	33	nsubj	_	_					
2563	18	Allessandro	Allessandro	PROPN	SP	_	16	nmod	_	SpaceAfter=No					
3276	9	Allessandro	Allessandro	PROPN	SP	_	8	obj	_	_					
4803	36	Allora	allora	PROPN	SP	_	45	nsubj	_	_					
258	41	Amalfi	Amalfi	PROPN	SP	_	39	nmod	_	SpaceAfter=No			Amalfi		
10	6	Ambruogiuolo	Ambruogiuolo	PROPN	SP	_	3	nmod	_	_					
814	12	Ambruogiuolo	Ambruogiuolo	PROPN	SP	_	11	xcomp	_	_					
906	3	Ambruogiuolo	Ambruogiuolo	PROPN	SP	_	2	nsubj	_	SpaceAfter=No					
1482	44	Ambruogiuolo	Ambruogiuolo	PROPN	SP	_	43	flat:name	_	SpaceAfter=No					
1835	77	Ambruogiuolo	Ambruogiuolo	PROPN	SP	_	86	nmod	_	SpaceAfter=No					
2096	9	Ambruogiuolo	Ambruogiuolo	PROPN	SP	_	7	conj	_	_					
2254	83	Ambruogiuolo	Ambruogiuolo	PROPN	SP	_	80	nmod	_	SpaceAfter=No					
2280	15	Ambruogiuolo	Ambruogiuolo	PROPN	SP	_	16	nsubj	_	_					
2590	31	Ambruogiuolo	Ambruogiuolo	PROPN	SP	_	50	nsubj	_	_					
2798	3	Ambruogiuolo	Ambruogiuolo	PROPN	SP	_	4	obl	_	_					
2918	23	Ambruogiuolo	Ambruogiuolo	PROPN	SP	_	24	nsubj	_	_					
2934	6	Ambruogiuolo	Ambruogiuolo	PROPN	SP	_	7	nsubj	_	_					
2969	7	Ambruogiuolo	Ambruogiuolo	PROPN	SP	_	5	nmod	_	_					
4211	4	Ambruogiuolo	Ambruogiuolo	PROPN	SP	_	3	nsubj	_	_					
4324	20	Ambruogiuolo	Ambruogiuolo	PROPN	SP	_	19	flat:name	_	SpaceAfter=No					
4704	14	Ambruogiuolo	Ambruogiuolo	PROPN	SP	_	25	conj	_	SpaceAfter=No					
4826	28	Ambruogiuolo	Ambruogiuolo	PROPN	SP	_	26	nmod	_	_					
4887	29	Ambruogiuolo	Ambruogiuolo	PROPN	SP	_	25	obl	_	_					
5101	7	Ambruogiuolo	Ambruogiuolo	PROPN	SP	_	4	obj	_	_					
5156	8	Ambruogiuolo	Ambruogiuolo	PROPN	SP	_	5	nmod	_	_					
3565	17	Ambruogiuolo	Ambruogiuolo	PROPN	SP	_	18	obl	_	_					
2746	22	Amore	Amore	PROPN	SP	_	20	nmod	_	SpaceAfter=No					
1312	36	Amore	amore	PROPN	SP	_	38	nsubj:pass	_	_					
136	17	Andreuccio	Andreuccio	PROPN	SP	_	12	nmod	_	_					
364	15	Andreuccio	Andreuccio	PROPN	SP	_	24	nsubj	_	SpaceAfter=No					
407	1	Andreuccio	Andreuccio	PROPN	SP	_	12	nsubj	_	SpaceAfter=No					
452	2	Andreuccio	Andreuccio	PROPN	SP	_	4	nsubj	_	_					
474	9	Andreuccio	Andreuccio	PROPN	SP	_	7	nmod	_	_					
538	11	Andreuccio	Andreuccio	PROPN	SP	_	9	obl	_	_					
638	52	Andreuccio	Andreuccio	PROPN	SP	_	55	obl	_	_					
673	85	Andreuccio	Andreuccio	PROPN	SP	_	86	nsubj	_	_					
842	18	Andreuccio	Andreuccio	PROPN	SP	_	29	nsubj	_	_					
972	20	Andreuccio	Andreuccio	PROPN	SP	_	19	flat:name	_	SpaceAfter=No					
1022	5	Andreuccio	Andreuccio	PROPN	SP	_	7	obl	_	_					
1077	3	Andreuccio	Andreuccio	PROPN	SP	_	0	root	_	_					
1252	2	Andreuccio	Andreuccio	PROPN	SP	_	7	obl	_	SpaceAfter=No					
1944	1	Andreuccio	Andreuccio	PROPN	SP	_	75	nsubj	_	SpaceAfter=No					
2326	21	Andreuccio	Andreuccio	PROPN	SP	_	22	obl	_	_					
2366	22	Andreuccio	Andreuccio	PROPN	SP	_	20	obl	_	SpaceAfter=No					
2518	4	Andreuccio	Andreuccio	PROPN	SP	_	13	nsubj	_	SpaceAfter=No					
2639	44	Andreuccio	Andreuccio	PROPN	SP	_	45	nsubj	_	_					
2730	56	Andreuccio	Andreuccio	PROPN	SP	_	53	conj	_	_					
2851	13	Andreuccio	Andreuccio	PROPN	SP	_	12	obj	_	_					
2898	5	Andreuccio	Andreuccio	PROPN	SP	_	4	nmod	_	SpaceAfter=No					
2986	7	Andreuccio	Andreuccio	PROPN	SP	_	2	obl	_	_					
3177	9	Andreuccio	Andreuccio	PROPN	SP	_	8	nmod	_	SpaceAfter=No					
3306	1	Andreuccio	Andreuccio	PROPN	SP	_	9	nsubj	_	SpaceAfter=No					
3524	12	Andreuccio	Andreuccio	PROPN	SP	_	11	obj	_	_					
3537	3	Andreuccio	Andreuccio	PROPN	SP	_	0	root	_	SpaceAfter=No					
3582	22	Andreuccio	Andreuccio	PROPN	SP	_	45	nsubj	_	_					
3614	5	Andreuccio	Andreuccio	PROPN	SP	_	4	nsubj	_	_					
3721	3	Andreuccio	Andreuccio	PROPN	SP	_	16	obl	_	SpaceAfter=No					
3983	7	Andreuccio	Andreuccio	PROPN	SP	_	2	nsubj	_	SpaceAfter=No					
4080	6	Andreuccio	Andreuccio	PROPN	SP	_	7	nsubj	_	_					
4175	17	Andreuccio	Andreuccio	PROPN	SP	_	18	obl	_	_					
4210	9	Andreuccio	Andreuccio	PROPN	SP	_	8	flat:name	_	SpaceAfter=No					
4508	15	Andreuccio	Andreuccio	PROPN	SP	_	13	nmod	_	SpaceAfter=No					
4523	7	Andreuccio	Andreuccio	PROPN	SP	_	8	obl	_	_					
4544	3	Andreuccio	Andreuccio	PROPN	SP	_	9	nsubj	_	_					
4790	43	Andreuccio	Andreuccio	PROPN	SP	_	49	nsubj	_	SpaceAfter=No					
4855	4	Andreuccio	Andreuccio	PROPN	SP	_	6	obl	_	_					
4863	2	Andreuccio	Andreuccio	PROPN	SP	_	1	flat:name	_	SpaceAfter=No					
4885	24	Andreuccio	Andreuccio	PROPN	SP	_	17	conj	_	_					
5114	9	Andreuccio	Andreuccio	PROPN	SP	_	8	nmod	_	_					
5158	2	Andreuccio	Andreuccio	PROPN	SP	_	4	nsubj	_	_					
5218	3	Andreuccio	Andreuccio	PROPN	SP	_	5	obl	_	_					
5372	1	Andreuccio	Andreuccio	PROPN	SP	_	2	nsubj	_	_					
5539	15	Andreuccio	Andreuccio	PROPN	SP	_	11	nmod	_	SpaceAfter=No					
5552	8	Andreuccio	Andreuccio	PROPN	SP	_	7	obj	_	SpaceAfter=No					
5614	1	Andreuccio	Andreuccio	PROPN	SP	_	2	nsubj	_	_					
5862	5	Andreuccio	Andreuccio	PROPN	SP	_	10	nsubj	_	SpaceAfter=No					
6202	1	Andreuccio	Andreuccio	PROPN	SP	_	10	nsubj	_	SpaceAfter=No					
6289	5	Andreuccio	Andreuccio	PROPN	SP	_	4	obj	_	SpaceAfter=No					
108	14	Andreuccio	Andreuccio	PROPN	SP	_	12	nmod	_	_					
8	4	Anguersa	anguersa	PROPN	SP	_	2	nmod	_	SpaceAfter=No			Anversa		
380	20	Anguersa	anguersa	PROPN	SP	_	17	flat:name	_	_			Anversa		
1738	5	Anguersa	anguersa	PROPN	SP	_	3	nmod	_	_			Anversa		
5504	14	Anguersa	anguersa	PROPN	SP	_	12	nmod	_	_			Anversa		
5525	12	Anguersa	anguersa	PROPN	SP	_	10	nmod	_	_			Anversa		
6492	16	Anguersa	anguersa	PROPN	SP	_	14	nmod	_	_			Anversa		
6730	67	Anguersa	anguersa	PROPN	SP	_	65	nmod	_	_			Anversa		
6873	6	Anguersa	anguersa	PROPN	SP	_	4	nmod	_	_			Anversa		
7079	43	Anguersa	Anguerso	PROPN	SP	_	41	nmod	_	SpaceAfter=No			Anversa		
7098	62	Anguersa	anguersa	PROPN	SP	_	60	nmod	_	_			Anversa		
7864	19	Antigono	Antigere	PROPN	SP	_	14	nmod	_	SpaceAfter=No					
8032	31	Antigono	Antigere	PROPN	SP	_	30	nmod	_	_					
8095	36	Antigono	antigono	PROPN	SP	_	35	obj	_	SpaceAfter=No					
8112	13	Antigono	antigono	PROPN	SP	_	18	nsubj	_	_					
8231	6	Antigono	antigono	PROPN	SP	_	4	obj	_	_					
8282	5	Antigono	antigono	PROPN	SP	_	3	nmod	_	_					
8388	3	Antigono	antigono	PROPN	SP	_	5	obl	_	_					
8535	15	Antigono	antigono	PROPN	SP	_	14	xcomp	_	_					
8784	22	Antigono	antigono	PROPN	SP	_	19	nmod	_	_					
8821	28	Antigono	antigono	PROPN	SP	_	26	nmod	_	_					
8846	14	Antigono	Antigere	PROPN	SP	_	8	nsubj:pass	_	_					
8905	10	Antigono	antigono	PROPN	SP	_	8	nmod	_	_					
9617	54	Antigono	Antigere	PROPN	SP	_	53	nmod	_	_					
9734	8	Antigono	antigono	PROPN	SP	_	6	conj	_	SpaceAfter=No					
10052	11	Antigono	antigono	PROPN	SP	_	9	obl	_	SpaceAfter=No					
6915	10	Antioco	Antioco	PROPN	SP	_	0	root	_	SpaceAfter=No					
7125	29	Antioco	Antioco	PROPN	SP	_	30	nsubj	_	_					
7638	22	Antioco	Antioco	PROPN	SP	_	20	nmod	_	_					
775	5	Arcipelago	arcipelago	PROPN	SP	_	0	root	_	_					
307	35	Arrighetto	Arrighetto	PROPN	SP	_	42	nsubj	_	_					
333	3	Arrighetto	Arrighetto	PROPN	SP	_	0	root	_	SpaceAfter=No					
1560	9	Arrighetto	Arrighetto	PROPN	SP	_	4	acl:relcl	_	_					
3414	12	Arrighetto	Arrighettere	PROPN	SP	_	3	appos	_	_					
3513	31	Arrighetto	Arrighetto	PROPN	SP	_	29	obl	_	_					
3637	31	Arrighetto	Arrighetto	PROPN	SP	_	29	nmod	_	_					
5574	12	Arrighetto	Arrighetto	PROPN	SP	_	14	nsubj	_	_					
5711	94	Arrighetto	Arrighetto	PROPN	SP	_	96	nsubj	_	_					
5984	44	Arrighetto	Arrighetto	PROPN	SP	_	32	nmod	_	_					
6307	75	Arrighetto	Arrighetto	PROPN	SP	_	78	conj	_	_					
6356	31	Arrighetto	Arrighetto	PROPN	SP	_	29	obl	_	_					
6497	16	Arrighetto	Arrighetto	PROPN	SP	_	14	nmod	_	_					
14	9	Arrigo	Arrigo	PROPN	SP	_	10	nsubj	_	_					
163	15	Arrigo	Arrigo	PROPN	SP	_	14	xcomp	_	SpaceAfter=No					
877	14	Arrigo	Arrigo	PROPN	SP	_	13	nmod	_	_					
992	14	Arrigo	Arrigo	PROPN	SP	_	13	flat:name	_	_					
7	3	Asti	Asti	PROPN	SP	_	1	obl	_	SpaceAfter=No			Asti		
202	19	Asti	Asti	PROPN	SP	_	17	flat:name	_	_			Asti		
85	10	Asti	Asti	PROPN	SP	_	8	nmod	_	_			Asti		
3926	9	Atene	Atene	PROPN	SP	_	7	nmod	_	SpaceAfter=No			Atene		
4870	68	Atene	Atene	PROPN	SP	_	71	obl	_	_			Atene		
4887	10	Atene	Atene	PROPN	SP	_	0	root	_	_			Atene		
5123	61	Atene	Atene	PROPN	SP	_	59	nmod	_	_			Atene		
5231	45	Atene	Atene	PROPN	SP	_	43	nmod	_	_			Atene		
5765	17	Atene	Atene	PROPN	SP	_	14	nmod	_	_			Atene		
5836	49	Atene	Atene	PROPN	SP	_	46	obl	_	_			Atene		
5867	18	Atene	Atene	PROPN	SP	_	10	obl	_	_			Atene		
193	10	Azzo	Azzo	PROPN	SP	_	9	nmod	_	_					
1377	22	Azzo	Azzo	PROPN	SP	_	21	nmod	_	_					
566	8	Babillonia	Babillonia	PROPN	SP	_	11	obl	_	_			Il Cairo		
8	4	Babilonia	Babilonia	PROPN	SP	_	2	nmod	_	_			Il Cairo		
7815	49	Baffa	Baffa	PROPN	SP	_	56	obl	_	_			Pafo		
7830	64	Baffa	Baffa	PROPN	SP	_	74	nsubj	_	_			Pafo		
7851	6	Baffa	Baffa	PROPN	SP	_	14	obl	_	_			Pafo		
8612	3	Baffa	Baffa	PROPN	SP	_	5	obl	_	_			Pafo		
9555	12	Baffa	Baffa	PROPN	SP	_	10	obl	_	SpaceAfter=No			Pafo		
9624	61	Baffa	Baffa	PROPN	SP	_	62	obl	_	_			Pafo		
454	24	Bartolomea	Bartolomea	PROPN	SP	_	19	nmod	_	SpaceAfter=No					
6670	17	Basano	basano	PROPN	SP	_	14	obl	_	SpaceAfter=No					
6717	62	Basano	basano	PROPN	SP	_	59	nsubj	_	_					
6871	3	Basano	basano	PROPN	SP	_	5	obl	_	_					
575	17	Beminedab	Beminedab	PROPN	SP	_	16	conj	_	SpaceAfter=No					
355	23	Benevento	Benevento	PROPN	SP	_	21	obl	_	_			Benevento		
6	2	Beritola	Beritola	PROPN	SP	_	1	flat:name	_	SpaceAfter=No					
325	53	Beritola	Beritola	PROPN	SP	_	52	nmod	_	_					
447	2	Beritola	Beritola	PROPN	SP	_	1	flat:name	_	_					
611	2	Beritola	Beritola	PROPN	SP	_	1	flat:name	_	SpaceAfter=No					
703	2	Beritola	Beritola	PROPN	SP	_	1	flat:name	_	SpaceAfter=No					
1387	42	Beritola	Beritola	PROPN	SP	_	43	nsubj	_	_					
1431	22	Beritola	Beritola	PROPN	SP	_	21	nsubj	_	SpaceAfter=No					
1692	13	Beritola	Beritola	PROPN	SP	_	12	nmod	_	_					
1802	9	Beritola	Beritola	PROPN	SP	_	8	nmod	_	_					
1887	8	Beritola	Beritola	PROPN	SP	_	4	nmod	_	SpaceAfter=No					
1936	16	Beritola	Beritola	PROPN	SP	_	15	obj	_	_					
1995	33	Beritola	Beritola	PROPN	SP	_	32	nmod	_	_					
3504	22	Beritola	Beritola	PROPN	SP	_	21	nmod	_	_					
4862	5	Beritola	Beritola	PROPN	SP	_	4	nsubj	_	SpaceAfter=No					
5024	6	Beritola	Beritola	PROPN	SP	_	5	obj	_	_					
6197	20	Beritola	Beritola	PROPN	SP	_	19	nmod	_	_					
6434	11	Beritola	Beritola	PROPN	SP	_	10	nmod	_	_					
107	26	Beritola	Beritola	PROPN	SP	_	25	nmod	_	_					
44	6	Bernabò	Bernabò	PROPN	SP	_	4	conj	_	_					
545	8	Bernabò	Bernabò	PROPN	SP	_	7	nmod	_	_					
825	23	Bernabò	Bernabò	PROPN	SP	_	24	nsubj	_	_					
912	2	Bernabò	Bernabò	PROPN	SP	_	6	obl	_	SpaceAfter=No					
1384	4	Bernabò	Bernabò	PROPN	SP	_	5	nsubj	_	_					
1719	40	Bernabò	Bernabò	PROPN	SP	_	42	nsubj	_	_					
1850	2	Bernabò	Bernabò	PROPN	SP	_	6	vocative	_	SpaceAfter=No					
2014	136	Bernabò	Bernabò	PROPN	SP	_	137	nsubj	_	_					
2093	6	Bernabò	Bernabò	PROPN	SP	_	7	nsubj	_	_					
2146	53	Bernabò	Bernabò	PROPN	SP	_	51	obl:agent	_	_					
2646	23	Bernabò	Bernabò	PROPN	SP	_	20	appos	_	SpaceAfter=No					
2716	2	Bernabò	Bernabò	PROPN	SP	_	1	obj	_	_					
2870	2	Bernabò	Bernabò	PROPN	SP	_	3	nsubj	_	_					
2977	2	Bernabò	Bernabò	PROPN	SP	_	19	nsubj	_	SpaceAfter=No					
4693	3	Bernabò	Bernabò	PROPN	SP	_	0	root	_	SpaceAfter=No					
5034	21	Bernabò	Bernabò	PROPN	SP	_	22	obl	_	_					
5193	12	Bernabò	Bernabò	PROPN	SP	_	5	obl	_	_					
175	7	Bernabò	Bernabò	PROPN	SP	_	5	nmod	_	SpaceAfter=No					
3562	14	Bernabò	Bernabò	PROPN	SP	_	13	obj	_	_					
208	25	Bologna	Bologna	PROPN	SP	_	23	obl	_	SpaceAfter=No			Bologna		
2296	8	Brandizio	Brandizio	PROPN	SP	_	6	obl	_	SpaceAfter=No			Brindisi		
1388	5	Bruggia	Bruggia	PROPN	SP	_	3	nmod	_	_			Bruges		
4579	7	Buttafuoco	Buttafuoco	PROPN	SP	_	6	nsubj	_	_					
1843	87	Calese	Calese	PROPN	SP	_	85	obl	_	SpaceAfter=No			Calais		
2041	26	Calese	Calese	PROPN	SP	_	24	nmod	_	SpaceAfter=No			Calais		
6674	21	Capadocia	Capadocia	PROPN	SP	_	19	nmod	_	SpaceAfter=No			Cappadocia		
6753	97	Capadocia	Capadocia	PROPN	SP	_	95	nmod	_	_			Cappadocia		
6815	29	Capadocia	Capadocia	PROPN	SP	_	27	nmod	_	SpaceAfter=No			Cappadocia		
6842	54	Capadocia	Capadocia	PROPN	SP	_	52	nmod	_	_			Cappadocia		
308	36	Capece	Capece	PROPN	SP	_	35	flat:name	_	SpaceAfter=No					
1561	10	Capece	Capece	PROPN	SP	_	9	flat:name	_	_					
3415	13	Capece	Capece	PROPN	SP	_	12	flat:name	_	SpaceAfter=No					
3638	32	Capece	Capece	PROPN	SP	_	31	flat:name	_	SpaceAfter=No					
5934	32	Capece	Capece	PROPN	SP	_	31	nmod	_	SpaceAfter=No					
326	54	Caracciola	Caracciola	PROPN	SP	_	53	flat:name	_	SpaceAfter=No					
3722	96	Cararh	Cararh	PROPN	SP	_	95	flat:name	_	SpaceAfter=No					
1750	76	Carlo	Carlo	PROPN	SP	_	75	nmod	_	SpaceAfter=No					
1837	39	Carlo	Carlo	PROPN	SP	_	38	nmod	_	_					
62	6	Carlo	Carlo	PROPN	SP	_	5	nmod	_	_					
351	19	Carlo	Carlo	PROPN	SP	_	18	nmod	_	_					
433	27	Carlo	Carlo	PROPN	SP	_	26	nmod	_	_					
2448	55	Carlo	Carlo	PROPN	SP	_	54	amod	_	_					
3144	51	Carlo	Carlo	PROPN	SP	_	50	nmod	_	SpaceAfter=No					
5994	54	Carlo	Carlo	PROPN	SP	_	53	amod	_	_					
6042	98	Carlo	Carlo	PROPN	SP	_	97	nmod	_	_					
13	9	Castel	Castel	PROPN	SP	_	7	obl	_	_					
887	35	Castel	Castel	PROPN	SP	_	32	obl	_	_					
1005	35	Castel	Castel	PROPN	SP	_	33	obl	_	_					
1125	32	Castel	Castel	PROPN	SP	_	30	obl	_	_					
4327	40	Catalana	Catalana	PROPN	SP	_	39	flat:name	_	_			Napoli		
1843	49	Cavriuola	Cavriuola	PROPN	SP	_	50	nsubj	_	_					
4475	53	Cavriuola	Cavriuola	PROPN	SP	_	50	conj	_	SpaceAfter=No					
4517	32	Cavriuola	Cavriuola	PROPN	SP	_	33	nsubj	_	_					
3606	57	Chiarenza	Chiarenza	PROPN	SP	_	55	obl	_	_			Andravida-Kyllini		
3981	25	Chiarenza	Chiarenza	PROPN	SP	_	23	obl	_	SpaceAfter=No			Andravida-Kyllini		
15	11	Chinzica	Chinzica	PROPN	SP	_	9	nmod	_	SpaceAfter=No					
362	24	Chinzica	Chinzica	PROPN	SP	_	22	nmod	_	SpaceAfter=No					
2048	18	Chinzica	Chinzica	PROPN	SP	_	16	nmod	_	SpaceAfter=No					
2346	21	Chinzica	Chinzica	PROPN	SP	_	19	nmod	_	_					
6362	14	Chios	Chios	PROPN	SP	_	12	obl	_	SpaceAfter=No			Chio		
6506	25	Chios	Chios	PROPN	SP	_	23	obl	_	SpaceAfter=No			Chio		
555	28	Cicilia	Cicilia	PROPN	SP	_	24	acl:relcl	_	_			Sicilia		
1780	24	Cicilia	Cicilia	PROPN	SP	_	22	obl	_	_			Sicilia		
3639	14	Cicilia	Cicilia	PROPN	SP	_	12	nmod	_	SpaceAfter=No			Sicilia		
56	1	Cicilia	Cicilia	PROPN	SP	_	26	nsubj	_	_			Sicilia		
290	18	Cicilia	Cicilia	PROPN	SP	_	16	nmod	_	_			Sicilia		
3136	44	Cicilia	Cicilia	PROPN	SP	_	42	nmod	_	_			Sicilia		
3284	7	Cicilia	Cicilia	PROPN	SP	_	5	obl	_	SpaceAfter=No			Sicilia		
3444	16	Cicilia	Cicilia	PROPN	SP	_	14	obl	_	_			Sicilia		
4800	33	Cicilia	Cicilia	PROPN	SP	_	31	obl	_	SpaceAfter=No			Sicilia		
5274	10	Cicilia	Cicilia	PROPN	SP	_	8	obl	_	SpaceAfter=No			Sicilia		
5361	21	Cicilia	Cicilia	PROPN	SP	_	18	conj	_	SpaceAfter=No			Sicilia		
5571	9	Cicilia	Cicilia	PROPN	SP	_	7	nmod	_	_			Sicilia		
5975	35	Cicilia	Cicilia	PROPN	SP	_	36	obl	_	SpaceAfter=No			Sicilia		
6489	8	Cicilia	Cicilia	PROPN	SP	_	9	obl	_	_			Sicilia		
1153	28	Cifalonia	Cifalonia	PROPN	SP	_	26	nmod	_	_			Cefalonia		
393	38	Cipri	Ciprio	PROPN	SP	_	34	nmod	_	SpaceAfter=No			Cipro		
7578	19	Cipri	Ciprio	PROPN	SP	_	23	obl	_	_			Cipro		
7611	51	Cipri	Ciprio	PROPN	SP	_	52	obl	_	_			Cipro		
7899	51	Cipri	Ciprio	PROPN	SP	_	49	nmod	_	_			Cipro		
9344	68	Cipri	Ciprio	PROPN	SP	_	66	nmod	_	SpaceAfter=No			Cipro		
9403	18	Cipri	Ciprio	PROPN	SP	_	19	obl	_	_			Cipro		
9439	20	Cipri	Ciprio	PROPN	SP	_	21	obl	_	_			Cipro		
9509	89	Cipri	Ciprio	PROPN	SP	_	95	obl	_	_			Cipro		
9699	28	Cipri	Ciprio	PROPN	SP	_	26	nmod	_	SpaceAfter=No			Cipro		
10030	90	Cipri	cipri	PROPN	SP	_	88	nmod	_	_			Cipro		
10061	18	Cipri	Ciprio	PROPN	SP	_	15	obl	_	_			Cipro		
4363	26	Ciuriaci	Ciuriaci	PROPN	SP	_	25	nmod	_	SpaceAfter=No					
4403	64	Ciuriaci	Ciuriaci	PROPN	SP	_	63	nmod	_	_					
4636	26	Ciuriaci	Ciuriaci	PROPN	SP	_	24	nmod	_	SpaceAfter=No					
4648	37	Ciuriaci	Ciuriaci	PROPN	SP	_	39	nsubj	_	_					
5039	26	Ciuriaci	Ciuriaci	PROPN	SP	_	23	conj	_	_					
5047	34	Ciuriaci	Ciuriaci	PROPN	SP	_	32	obj	_	_					
5275	37	Constantinopoli	Constantinopoli	PROPN	SP	_	35	nmod	_	SpaceAfter=No			Istanbul		
5590	3	Constanzio	Constanzio	PROPN	SP	_	2	obj	_	_					
5796	10	Constanzio	Constanzio	PROPN	SP	_	12	nsubj	_	_					
5947	5	Constanzio	Constanzio	PROPN	SP	_	4	obj	_	_					
5992	3	Constanzio	Constanzio	PROPN	SP	_	6	nmod	_	_					
6105	86	Constanzio	Constanzio	PROPN	SP	_	84	nmod	_	SpaceAfter=No					
6331	9	Constanzio	Constanzio	PROPN	SP	_	22	nsubj	_	_					
6389	39	Constanzio	Constanzio	PROPN	SP	_	37	obl	_	_					
6414	63	Constanzio	Constanzio	PROPN	SP	_	37	conj	_	_					
6486	5	Constanzio	Constanzio	PROPN	SP	_	3	obl	_	_					
6614	29	Constanzio	Constanzio	PROPN	SP	_	36	obl	_	_					
3940	16	Cornovaglia	Cornovaglia	PROPN	SP	_	14	nmod	_	SpaceAfter=No			Cornovaglia		
864	17	Costantinopoli	Costantinopoli	PROPN	SP	_	15	obl	_	SpaceAfter=No			Istanbul		
9256	57	Cresci	Cresce	PROPN	SP	_	54	obl	_	_			Borgo San Lorenzo (FI)		
9352	76	Creti	Crete	PROPN	SP	_	72	obl	_	SpaceAfter=No			Creta		
1303	9	Currado	Currado	PROPN	SP	_	8	xcomp	_	_					
1392	47	Currado	Currado	PROPN	SP	_	45	nmod	_	_					
1459	3	Currado	Currado	PROPN	SP	_	0	root	_	_					
1506	10	Currado	Currado	PROPN	SP	_	21	obj	_	_					
1555	4	Currado	Currado	PROPN	SP	_	3	obj	_	SpaceAfter=No					
1633	11	Currado	Currado	PROPN	SP	_	14	nsubj	_	_					
1804	11	Currado	Currado	PROPN	SP	_	8	nmod	_	_					
1885	6	Currado	Currado	PROPN	SP	_	7	nmod	_	_					
2472	6	Currado	Currado	PROPN	SP	_	4	nmod	_	_					
2505	16	Currado	Currado	PROPN	SP	_	14	nmod	_	_					
2556	8	Currado	Currado	PROPN	SP	_	6	nmod	_	SpaceAfter=No					
2563	15	Currado	Currado	PROPN	SP	_	13	nmod	_	SpaceAfter=No					
2794	33	Currado	Currado	PROPN	SP	_	31	obl:agent	_	_					
2888	30	Currado	Currado	PROPN	SP	_	28	nmod	_	_					
3113	21	Currado	Currado	PROPN	SP	_	19	xcomp	_	_					
3151	3	Currado	Currado	PROPN	SP	_	8	obl	_	SpaceAfter=No					
3475	19	Currado	Currado	PROPN	SP	_	17	obl	_	SpaceAfter=No					
3482	3	Currado	Currado	PROPN	SP	_	0	root	_	_					
3558	3	Currado	Currado	PROPN	SP	_	2	obj	_	_					
3994	8	Currado	Currado	PROPN	SP	_	10	nsubj	_	_					
4032	2	Currado	Currado	PROPN	SP	_	17	nsubj	_	SpaceAfter=No					
4301	64	Currado	Currado	PROPN	SP	_	71	obl	_	SpaceAfter=No					
4405	7	Currado	Currado	PROPN	SP	_	5	nmod	_	_					
4601	3	Currado	Currado	PROPN	SP	_	2	obj	_	_					
4668	3	Currado	Currado	PROPN	SP	_	2	nsubj	_	SpaceAfter=No					
4804	37	Currado	Currado	PROPN	SP	_	36	flat:name	_	_					
4840	21	Currado	Currado	PROPN	SP	_	22	nsubj	_	_					
4868	11	Currado	Currado	PROPN	SP	_	9	nmod	_	_					
5031	12	Currado	Currado	PROPN	SP	_	10	nmod	_	_					
5136	40	Currado	Currado	PROPN	SP	_	38	obj	_	_					
5172	2	Currado	Currado	PROPN	SP	_	6	obl	_	SpaceAfter=No					
5343	3	Currado	Currado	PROPN	SP	_	1	obl	_	_					
5379	14	Currado	Currado	PROPN	SP	_	12	nmod	_	_					
5401	35	Currado	Currado	PROPN	SP	_	38	obl	_	_					
5437	9	Currado	Currado	PROPN	SP	_	7	obl	_	_					
5627	16	Currado	Currado	PROPN	SP	_	14	nmod	_	_					
5751	22	Currado	Currado	PROPN	SP	_	20	nmod	_	_					
5773	44	Currado	Currado	PROPN	SP	_	52	obl	_	SpaceAfter=No					
5786	57	Currado	Currado	PROPN	SP	_	55	nmod	_	_					
5860	54	Currado	Currado	PROPN	SP	_	46	nmod	_	_					
6283	54	Currado	Currado	PROPN	SP	_	48	conj	_	_					
6400	6	Currado	Currado	PROPN	SP	_	5	obj	_	_					
6453	28	Currado	Currado	PROPN	SP	_	26	nmod	_	_					
571	18	de	de	PROPN	SP	_	20	case	_	SpaceAfter=No					
29	25	de	de	PROPN	SP	_	34	nsubj	_	SpaceAfter=No					
6783	44	de	de	PROPN	SP	_	54	nsubj	_	SpaceAfter=No					
412	28	de	de	PROPN	SP	_	54	obl	_	SpaceAfter=No					
4398	11	de	de	PROPN	SP	_	10	nmod	_	SpaceAfter=No					
1129	5	Dio	dio	PROPN	SP	_	3	obl	_	SpaceAfter=No					
1308	6	Dio	dio	PROPN	SP	_	4	nmod	_	SpaceAfter=No					
402	32	Dio	dio	PROPN	SP	_	30	obl	_	SpaceAfter=No					
615	24	Dio	dio	PROPN	SP	_	22	obl:agent	_	SpaceAfter=No					
3414	91	Dio	Dio	PROPN	SP	_	89	nmod	_	_					
2328	40	Dio	Dio	PROPN	SP	_	38	nmod	_	_					
3888	4	Dio	Dio	PROPN	SP	_	1	obl	_	SpaceAfter=No					
4183	3	Dio	Dio	PROPN	SP	_	5	obl	_	SpaceAfter=No					
738	37	Dio	dio	PROPN	SP	_	35	obl	_	SpaceAfter=No					
3062	10	Dio	Dio	PROPN	SP	_	12	nsubj	_	_					
6276	9	Dio	Dio	PROPN	SP	_	10	nsubj	_	_					
560	23	Dio	Dio	PROPN	SP	_	17	obl	_	_					
3232	9	Dio	dio	PROPN	SP	_	4	obl	_	SpaceAfter=No					
3333	3	Dio	dio	PROPN	SP	_	1	nmod	_	SpaceAfter=No					
128	8	Dioneo	Dioneo	PROPN	SP	_	6	nmod	_	SpaceAfter=No					
1792	45	Disse	dire	PROPN	SP	_	43	nmod	_	_					
1481	43	Disse	disse	PROPN	SP	_	41	nmod	_	_					
4323	19	Disse	dire	PROPN	SP	_	3	parataxis	_	_					
5911	11	Domenedio	Domenedio	PROPN	SP	_	16	nsubj	_	SpaceAfter=No					
6547	24	Domenedio	Domenedio	PROPN	SP	_	23	nmod	_	SpaceAfter=No					
3894	12	Domenedio	Domenedio	PROPN	SP	_	15	nsubj:pass	_	_					
1849	2	Donna	donna	PROPN	SP	_	6	nsubj	_	SpaceAfter=No					
1990	28	Doria	Doria	PROPN	SP	_	27	flat:name	_	_					
5240	48	Doria	Doria	PROPN	SP	_	47	flat:name	_	_					
971	19	Ecco	ecco	PROPN	SP	_	17	xcomp	_	_					
6316	19	Egina	Egina	PROPN	SP	_	13	nmod	_	_			Egina		
8307	30	Egitto	Egitto	PROPN	SP	_	28	nmod	_	_			Egitto		
3045	22	Egli	Egli	PROPN	SP	_	21	nsubj	_	_					
3296	2	El	El	PROPN	SP	_	3	nsubj	_	_					
166	35	Elissa	Elissa	PROPN	SP	_	20	obl	_	_					
74	2	Elissa	Elissare	PROPN	SP	_	1	obj	_	_					
1114	11	Ella	ella	PROPN	SP	_	44	nsubj	_	_					
116	21	Emilia	Emilia	PROPN	SP	_	34	nsubj	_	SpaceAfter=No					
90	10	Emilia	Emilia	PROPN	SP	_	8	nmod	_	_					
3721	95	En	en	PROPN	SP	_	94	obj	_	_					
7934	25	Erminia	Erminia	PROPN	SP	_	23	nmod	_	SpaceAfter=No					
1087	13	Esso	esso	PROPN	SP	_	3	flat:name	_	SpaceAfter=No					
857	15	Fa	fa	PROPN	SP	_	12	obl	_	SpaceAfter=No					
8114	15	Famagosta	Famagosta	PROPN	SP	_	13	nmod	_	_			Famagosta		
8537	17	Famagosta	Famagosta	PROPN	SP	_	15	nmod	_	_			Famagosta		
8735	23	Famagosta	Famagorre	PROPN	SP	_	25	obl	_	_			Famagosta		
1763	8	Federigo	Federigo	PROPN	SP	_	7	nmod	_	_					
284	12	Federigo	Federigo	PROPN	SP	_	10	nmod	_	_					
195	12	Ferrara	Ferrara	PROPN	SP	_	9	nmod	_	SpaceAfter=No			Ferrara		
226	42	Ferrara	Ferrara	PROPN	SP	_	40	obl	_	_			Ferrara		
49	10	Fiammetta	Fiammetta	PROPN	SP	_	8	obj	_	SpaceAfter=No					
112	17	Fiammetta	Fiammetta	PROPN	SP	_	8	nmod	_	_					
3806	2	Figliuol	Figliuol	PROPN	SP	_	9	obl	_	_					
4815	12	Filippo	Filippo	PROPN	SP	_	11	nmod	_	_					
85	13	Filomena	Filomena	PROPN	SP	_	11	conj	_	_					
64	20	Filostrato	Filostrato	PROPN	SP	_	19	nmod	_	SpaceAfter=No					
176	22	Filostrato	Filostrato	PROPN	SP	_	20	obl	_	_					
3783	26	Finale	finale	PROPN	SP	_	23	obl	_	SpaceAfter=No			Finale Ligure		
3542	8	Fiordaliso	Fiordaliso	PROPN	SP	_	7	nmod	_	SpaceAfter=No					
2305	36	Firenze	Firenze	PROPN	SP	_	41	obl	_	_			Firenze		
846	10	Firenze	Firenze	PROPN	SP	_	8	nmod	_	_			Firenze		
915	16	Firenze	Firenze	PROPN	SP	_	14	nmod	_	_			Firenze		
972	70	Firenze	Firenze	PROPN	SP	_	68	nmod	_	SpaceAfter=No			Firenze		
1213	47	Firenze	Firenze	PROPN	SP	_	56	obl	_	_			Firenze		
3793	18	Firenze	Firenze	PROPN	SP	_	16	obl	_	SpaceAfter=No			Firenze		
3872	24	Firenze	Firenze	PROPN	SP	_	22	obl	_	SpaceAfter=No			Firenze		
4009	41	Firenze	Firenze	PROPN	SP	_	39	obl	_	SpaceAfter=No			Firenze		
4894	2	Forza	Forza	PROPN	SP	_	5	nsubj	_	_					
9456	37	Francia	Francia	PROPN	SP	_	35	nmod	_	_			Francia		
56	11	Francia	Francia	PROPN	SP	_	9	nmod	_	SpaceAfter=No			Francia		
323	55	Francia	Francia	PROPN	SP	_	53	nmod	_	_			Francia		
438	74	Francia	Francia	PROPN	SP	_	72	nmod	_	_			Francia		
584	9	Francia	Francia	PROPN	SP	_	7	nmod	_	_			Francia		
1398	34	Francia	Francia	PROPN	SP	_	32	nmod	_	_			Francia		
6503	27	Francia	Francia	PROPN	SP	_	25	nmod	_	SpaceAfter=No			Francia		
6670	9	Francia	Francia	PROPN	SP	_	7	nmod	_	_			Francia		
224	8	Gaeta	Gaeta	PROPN	SP	_	4	nmod	_	_			Gaeta		
2521	30	Gales	Gales	PROPN	SP	_	28	nmod	_	_			Galles		
5180	6	Gales	Gales	PROPN	SP	_	16	obl	_	_			Galles		
23	17	Garbo	Garbo	PROPN	SP	_	14	nmod	_	SpaceAfter=No			Algarve		
69	17	Garbo	Garbo	PROPN	SP	_	14	nmod	_	SpaceAfter=No			Algarve		
682	34	Garbo	Garbo	PROPN	SP	_	31	nmod	_	SpaceAfter=No			Algarve		
8493	38	Garbo	Garbo	PROPN	SP	_	35	nmod	_	SpaceAfter=No			Algarve		
10115	23	Garbo	Garbo	PROPN	SP	_	20	nmod	_	SpaceAfter=No			Algarve		
10155	8	Garbo	Garbo	PROPN	SP	_	5	nmod	_	_			Algarve		
1955	35	Genova	Genova	PROPN	SP	_	37	obl	_	_			Genova		
5358	18	Genova	Genova	PROPN	SP	_	15	conj	_	_			Genova		
5369	4	Genova	Genova	PROPN	SP	_	5	obl	_	_			Genova		
7	3	Genova	Genova	PROPN	SP	_	1	obl	_	SpaceAfter=No			Genova		
68	29	Genova	Genova	PROPN	SP	_	27	obl	_	SpaceAfter=No			Genova		
548	11	Genova	Genova	PROPN	SP	_	6	obl	_	SpaceAfter=No			Genova		
1931	57	Genova	Genova	PROPN	SP	_	55	obl	_	_			Genova		
2002	124	Genova	Genova	PROPN	SP	_	122	obl	_	_			Genova		
2105	18	Genova	Genova	PROPN	SP	_	16	obl	_	SpaceAfter=No			Genova		
2992	16	Genova	Genova	PROPN	SP	_	14	nmod	_	_			Genova		
3050	21	Genova	Genova	PROPN	SP	_	19	obl	_	SpaceAfter=No			Genova		
3111	6	Genova	Genova	PROPN	SP	_	4	obl	_	_			Genova		
3610	9	Genova	Genova	PROPN	SP	_	7	obl	_	_			Genova		
5261	22	Genova	Genova	PROPN	SP	_	20	obl	_	_			Genova		
1706	33	Gergenti	Gergento	PROPN	SP	_	31	nmod	_	SpaceAfter=No			Agrigento		
5811	26	Giachetto	Giachetto	PROPN	SP	_	24	nmod	_	_					
5881	6	Giachetto	Giachetto	PROPN	SP	_	4	obl	_	_					
6236	16	Giachetto	Giachetto	PROPN	SP	_	14	nmod	_	_					
6356	1	Giachetto	Giachetto	PROPN	SP	_	5	nsubj	_	SpaceAfter=No					
6586	28	Giachetto	Giachetto	PROPN	SP	_	25	conj	_	_					
6957	22	Giachetto	Giachetto	PROPN	SP	_	20	obl	_	_					
7015	4	Giachetto	Giachetto	PROPN	SP	_	10	nsubj	_	SpaceAfter=No					
7152	13	Giachetto	Giachetto	PROPN	SP	_	10	xcomp	_	SpaceAfter=No					
7284	27	Giachetto	Giachetto	PROPN	SP	_	25	conj	_	_					
7300	43	Giachetto	Giachetto	PROPN	SP	_	41	obj	_	_					
7387	15	Giachetto	Giachetto	PROPN	SP	_	13	nmod	_	SpaceAfter=No					
7582	9	Giachetto	Giachetto	PROPN	SP	_	5	nsubj	_	_					
7600	3	Giachetto	Giachetto	PROPN	SP	_	4	nsubj	_	_					
7662	39	Giachetto	Giachetto	PROPN	SP	_	40	nsubj	_	_					
3130	38	Gian	Gian	PROPN	SP	_	37	xcomp	_	_					
2233	30	Giannetta	Giannetta	PROPN	SP	_	28	conj	_	_					
2843	4	Giannetta	Giannetta	PROPN	SP	_	3	xcomp	_	SpaceAfter=No					
3063	10	Giannetta	Giannetta	PROPN	SP	_	11	nsubj	_	_					
3134	11	Giannetta	Giannetta	PROPN	SP	_	24	nsubj	_	_					
3392	36	Giannetta	Giannetta	PROPN	SP	_	33	conj	_	SpaceAfter=No					
3498	3	Giannetta	Giannetta	PROPN	SP	_	4	obl	_	_					
3545	29	Giannetta	Giannetta	PROPN	SP	_	27	obj	_	_					
3663	23	Giannetta	Giannetta	PROPN	SP	_	20	nmod	_	_					
3765	44	Giannetta	Giannetta	PROPN	SP	_	42	obj	_	_					
4366	20	Giannetta	Giannetta	PROPN	SP	_	16	nmod	_	_					
4542	6	Giannetta	Giannetta	PROPN	SP	_	4	nmod	_	_					
4561	2	Giannetta	Giannetta	PROPN	SP	_	8	nsubj	_	SpaceAfter=No					
4682	4	Giannetta	Giannetta	PROPN	SP	_	5	nsubj	_	_					
4846	4	Giannetta	Giannetta	PROPN	SP	_	0	root	_	SpaceAfter=No					
5047	13	Giannetta	Giannetta	PROPN	SP	_	10	nmod	_	SpaceAfter=No					
5115	4	Giannetta	Giannetta	PROPN	SP	_	6	nsubj:pass	_	_					
5699	20	Giannetta	Giannetta	PROPN	SP	_	17	obl	_	SpaceAfter=No					
5748	24	Giannetta	Giannetta	PROPN	SP	_	22	obj	_	_					
5823	37	Giannetta	Giannetta	PROPN	SP	_	34	nmod	_	SpaceAfter=No					
5878	3	Giannetta	Giannetta	PROPN	SP	_	1	nsubj	_	_					
6006	4	Giannetta	Giannetta	PROPN	SP	_	9	nsubj	_	SpaceAfter=No					
6261	11	Giannetta	Giannetta	PROPN	SP	_	9	obj	_	SpaceAfter=No					
2215	7	Giannotto	Giannotto	PROPN	SP	_	5	conj	_	_					
2332	2	Giannotto	Giannotto	PROPN	SP	_	44	nsubj	_	SpaceAfter=No					
2550	3	Giannotto	Giannurre	PROPN	SP	_	10	nsubj	_	_					
2615	25	Giannotto	Giannotto	PROPN	SP	_	20	obl	_	SpaceAfter=No					
2704	17	Giannotto	Giannotto	PROPN	SP	_	15	nmod	_	SpaceAfter=No					
3093	3	Giannotto	Giannotto	PROPN	SP	_	1	obj	_	_					
3165	3	Giannotto	Giannotto	PROPN	SP	_	20	nsubj	_	_					
3289	12	Giannotto	Giannotto	PROPN	SP	_	13	nsubj	_	_					
3379	7	Giannotto	Giannotto	PROPN	SP	_	6	xcomp	_	_					
3420	18	Giannotto	Giannotto	PROPN	SP	_	3	conj	_	_					
3613	7	Giannotto	Giannotto	PROPN	SP	_	5	obj	_	_					
3647	2	Giannotto	Giannotto	PROPN	SP	_	5	obl	_	SpaceAfter=No					
3949	8	Giannotto	Giannotto	PROPN	SP	_	6	nmod	_	SpaceAfter=No					
5504	23	Giannotto	Giannotto	PROPN	SP	_	21	nmod	_	SpaceAfter=No					
5001	30	Ginevra	Ginevra	PROPN	SP	_	27	nmod	_	SpaceAfter=No					
492	47	Giuffredi	Giuffrede	PROPN	SP	_	46	xcomp	_	SpaceAfter=No					
2213	5	Giuffredi	Giuffredio	PROPN	SP	_	3	nmod	_	_					
2239	7	Giuffredi	Giuffrede	PROPN	SP	_	5	obl	_	_					
3422	20	Giuffredi	Giuffredio	PROPN	SP	_	22	nsubj	_	_					
3516	34	Giuffredi	Giuffrede	PROPN	SP	_	35	nsubj	_	_					
3634	28	Giuffredi	Giuffredere	PROPN	SP	_	35	nsubj	_	_					
4708	17	Giuffredi	Giuffredio	PROPN	SP	_	16	obj	_	SpaceAfter=No					
4737	25	Giuffredi	Giuffrede	PROPN	SP	_	26	nsubj	_	_					
5166	70	Giuffredi	Giuffredio	PROPN	SP	_	69	obj	_	SpaceAfter=No					
5347	7	Giuffredi	Giuffrede	PROPN	SP	_	5	nmod	_	SpaceAfter=No					
5406	40	Giuffredi	Giuffrede	PROPN	SP	_	38	obl	_	_					
5515	34	Giuffredi	Giuffredio	PROPN	SP	_	33	obj	_	SpaceAfter=No					
6200	23	Giuffredi	Giuffrede	PROPN	SP	_	20	conj	_	_					
6235	6	Giuffredi	Giuffrede	PROPN	SP	_	1	conj	_	_					
6437	14	Giuffredi	Giuffrede	PROPN	SP	_	10	conj	_	_					
2476	10	Giulian	Giulian	PROPN	SP	_	0	root	_	_					
166	63	Giuliano	Giuliano	PROPN	SP	_	62	nmod	_	_					
531	79	Giuliano	Giuliano	PROPN	SP	_	78	nmod	_	SpaceAfter=No					
600	9	Giuliano	Giuliano	PROPN	SP	_	8	obj	_	SpaceAfter=No					
942	10	Giuliano	Giuliano	PROPN	SP	_	9	nmod	_	_					
1317	46	Giuliano	Giuliano	PROPN	SP	_	42	obl	_	SpaceAfter=No					
1337	3	Giuliano	Giuliano	PROPN	SP	_	2	obj	_	SpaceAfter=No					
2022	15	Giuliano	Giuliano	PROPN	SP	_	12	flat:name	_	_					
103	27	Giuliano	Giuliano	PROPN	SP	_	28	nsubj	_	_					
4958	31	Giunti	giunto	PROPN	SP	_	35	nsubj	_	_					
2577	29	Grignano	Grignano	PROPN	SP	_	24	nmod	_	_					
442	12	Gualandi	Gualandi	PROPN	SP	_	11	obl	_	_					
377	17	Gualtieri	Gualtieri	PROPN	SP	_	16	obj	_	_					
456	3	Gualtieri	Gualtieri	PROPN	SP	_	1	obj	_	_					
511	4	Gualtieri	Gualtieri	PROPN	SP	_	3	nmod	_	_					
602	25	Gualtieri	Gualtieri	PROPN	SP	_	23	nmod	_	_					
2326	30	Guasparino	Guasparino	PROPN	SP	_	29	nmod	_	SpaceAfter=No					
2374	42	Guasparino	Guasparino	PROPN	SP	_	41	nmod	_	_					
1989	27	Guasparrin	Guasparrin	PROPN	SP	_	26	nmod	_	_					
5239	47	Guasparrin	Guasparrin	PROPN	SP	_	46	nmod	_	_					
5416	2	Guasparrin	Guasparrin	PROPN	SP	_	1	flat:name	_	_					
5611	2	Guasparrin	Guasparrin	PROPN	SP	_	1	flat:name	_	SpaceAfter=No					
6329	4	Guasparrin	Guasparrin	PROPN	SP	_	3	obj	_	_					
2409	17	Guasparrino	Guasparrino	PROPN	SP	_	16	obj	_	SpaceAfter=No					
5374	9	Guasparrino	Guasparrino	PROPN	SP	_	8	nmod	_	SpaceAfter=No					
5843	38	Guasparrino	Guasparrino	PROPN	SP	_	37	obj	_	_					
6463	37	Guasparrino	Guasparrino	PROPN	SP	_	36	nmod	_	SpaceAfter=No					
14	10	Guiglielmo	Guiglielmo	PROPN	SP	_	9	flat:name	_	_					
888	36	Guiglielmo	Guiglielmo	PROPN	SP	_	35	flat:name	_	SpaceAfter=No					
1006	36	Guiglielmo	Guiglielmo	PROPN	SP	_	35	flat:name	_	SpaceAfter=No					
1126	33	Guiglielmo	Guiglielmo	PROPN	SP	_	32	flat:name	_	SpaceAfter=No					
32	28	Gurfo	Gurfo	PROPN	SP	_	1	conj	_	_			Corfù		
1717	61	Gurfo	Gurfo	PROPN	SP	_	59	nmod	_	SpaceAfter=No			Corfù		
2465	12	Gurfo	Gurfo	PROPN	SP	_	8	nmod	_	_			Corfù		
538	86	Idio	Idio	PROPN	SP	_	95	nsubj	_	_					
1154	61	Idio	Idio	PROPN	SP	_	60	xcomp	_	SpaceAfter=No					
2019	12	Idio	Idio	PROPN	SP	_	11	obj	_	_					
2473	7	Idio	Idio	PROPN	SP	_	5	conj	_	_					
100	24	Idio	Idio	PROPN	SP	_	22	conj	_	_					
144	25	Idio	Idio	PROPN	SP	_	30	nsubj	_	_					
1823	80	Idio	Idio	PROPN	SP	_	77	nsubj	_	_					
2373	2	Idio	Idio	PROPN	SP	_	4	nsubj	_	_					
3229	6	Idio	Idio	PROPN	SP	_	3	conj	_	SpaceAfter=No					
1319	22	Idio	Idio	PROPN	SP	_	30	nsubj	_	SpaceAfter=No					
2143	12	Idio	Idio	PROPN	SP	_	11	obj	_	_					
2390	8	Idio	Idio	PROPN	SP	_	7	obj	_	_					
1326	29	Idio	Idio	PROPN	SP	_	32	nsubj	_	_					
2574	4	Idio	Idio	PROPN	SP	_	2	nsubj	_	SpaceAfter=No					
3043	6	Idio	Idio	PROPN	SP	_	5	nsubj	_	SpaceAfter=No					
4618	19	Idio	Idio	PROPN	SP	_	18	obj	_	_					
1610	55	Idio	Idio	PROPN	SP	_	60	nsubj	_	_					
9491	71	Idio	Idio	PROPN	SP	_	69	obl	_	_					
9603	41	Idio	Idio	PROPN	SP	_	40	nsubj	_	SpaceAfter=No					
10006	67	Idio	Idio	PROPN	SP	_	66	obj	_	_					
2732	19	Idio	Idio	PROPN	SP	_	21	obl	_	_					
2993	2	Idio	Idio	PROPN	SP	_	18	nsubj	_	SpaceAfter=No					
5124	13	Idio	Idio	PROPN	SP	_	12	obj	_	_					
5272	3	Idio	Idio	PROPN	SP	_	9	obl	_	_					
882	12	Idio	Idio	PROPN	SP	_	10	conj	_	SpaceAfter=No					
3356	1	Idio	Idio	PROPN	SP	_	7	nsubj	_	SpaceAfter=No					
4365	5	Idio	Idio	PROPN	SP	_	7	nsubj	_	_					
2570	9	Idio	Idio	PROPN	SP	_	8	obj	_	_					
9479	59	Ierusalem	Ierusalem	PROPN	SP	_	60	obl	_	_			Gerusalemme		
48	28	Inghilterra	Inghilterra	PROPN	SP	_	26	nmod	_	SpaceAfter=No			Inghilterra		
855	19	Inghilterra	Inghilterra	PROPN	SP	_	17	obl	_	SpaceAfter=No			Inghilterra		
945	43	Inghilterra	Inghilterra	PROPN	SP	_	26	conj	_	_			Inghilterra		
1083	20	Inghilterra	Inghilterra	PROPN	SP	_	17	nmod	_	SpaceAfter=No			Inghilterra		
1097	34	Inghilterra	Inghilterra	PROPN	SP	_	32	obl	_	_			Inghilterra		
1335	6	Inghilterra	Inghilterra	PROPN	SP	_	4	obl	_	_			Inghilterra		
1514	22	Inghilterra	Inghilterra	PROPN	SP	_	20	nmod	_	SpaceAfter=No			Inghilterra		
3114	36	Inghilterra	Inghilterra	PROPN	SP	_	34	nmod	_	_			Inghilterra		
3518	80	Inghilterra	Inghilterra	PROPN	SP	_	78	nmod	_	_			Inghilterra		
3895	7	Inghilterra	Inghilterra	PROPN	SP	_	5	nmod	_	_			Inghilterra		
25	21	Inghilterra	Inghilterra	PROPN	SP	_	19	nmod	_	SpaceAfter=No			Inghilterra		
2046	31	Inghilterra	Inghilterra	PROPN	SP	_	29	obl	_	_			Inghilterra		
2304	34	Inghilterra	Inghilterra	PROPN	SP	_	32	nmod	_	SpaceAfter=No			Inghilterra		
2772	19	Inghilterra	Inghilterra	PROPN	SP	_	17	obl	_	SpaceAfter=No			Inghilterra		
5190	14	Inghilterra	Inghilterra	PROPN	SP	_	12	nmod	_	_			Inghilterra		
5459	12	Inghilterra	Inghilterra	PROPN	SP	_	10	nmod	_	_			Inghilterra		
5641	59	Inghilterra	Inghilterra	PROPN	SP	_	57	obl	_	_			Inghilterra		
6573	15	Inghilterra	Inghilterra	PROPN	SP	_	13	nmod	_	_			Inghilterra		
2783	30	Irlanda	Irlanda	PROPN	SP	_	28	obl	_	SpaceAfter=No			Irlanda		
5538	25	Irlanda	Irlanda	PROPN	SP	_	23	obl	_	SpaceAfter=No			Irlanda		
1372	40	Italia	Italia	PROPN	SP	_	37	obl	_	SpaceAfter=No			Italia		
232	16	Italia	Italia	PROPN	SP	_	14	nmod	_	SpaceAfter=No			Italia		
589	52	Italia	Italia	PROPN	SP	_	54	obl	_	_			Italia		
432	27	Lamberti	Lamberti	PROPN	SP	_	17	conj	_	SpaceAfter=No					
517	36	Lamberto	Lamberto	PROPN	SP	_	35	nmod	_	SpaceAfter=No					
743	5	Lamberto	Lamberto	PROPN	SP	_	14	nsubj	_	SpaceAfter=No					
5812	27	Lamiens	Lamiens	PROPN	SP	_	26	flat:name	_	SpaceAfter=No					
6587	29	Lamiens	Lamiens	PROPN	SP	_	28	flat:name	_	SpaceAfter=No					
5	1	Landolfo	Landolfo	PROPN	SP	_	0	root	_	_					
322	34	Landolfo	Landolfo	PROPN	SP	_	33	nsubj:pass	_	_					
870	23	Landolfo	Landolfo	PROPN	SP	_	25	nsubj	_	_					
999	23	Landolfo	Landolfo	PROPN	SP	_	21	nmod	_	_					
1036	11	Landolfo	Landolfo	PROPN	SP	_	10	nmod	_	_					
1142	18	Landolfo	Landolfo	PROPN	SP	_	9	acl:relcl	_	_					
1254	6	Landolfo	Landolfo	PROPN	SP	_	5	nmod	_	SpaceAfter=No					
1504	40	Landolfo	Landolfo	PROPN	SP	_	42	nsubj	_	_					
1513	49	Landolfo	Landolfo	PROPN	SP	_	52	nsubj	_	_					
44	5	Landolfo	Landolfo	PROPN	SP	_	3	nmod	_	_					
4209	8	Laonde	Laondere	PROPN	SP	_	1	nsubj	_	_					
4862	1	Laonde	Laonde	PROPN	SP	_	12	nsubj	_	_					
49	2	Lauretta	Lauretta	PROPN	SP	_	5	nsubj	_	_					
86	43	Lauretta	Lauretta	PROPN	SP	_	40	nmod	_	SpaceAfter=No					
5767	38	Lerici	Lerico	PROPN	SP	_	36	obl	_	SpaceAfter=No			Lerici		
506	61	Lipari	Liparo	PROPN	SP	_	59	obl	_	SpaceAfter=No			Lipari		
546	9	Lomellin	Lomellin	PROPN	SP	_	8	flat:name	_	_					
862	26	Londra	Londra	PROPN	SP	_	24	obl	_	_			Londra		
2054	39	Londra	Londra	PROPN	SP	_	37	obl	_	SpaceAfter=No			Londra		
2245	6	Londra	Londra	PROPN	SP	_	4	obl	_	SpaceAfter=No			Londra		
2850	11	Londra	Londra	PROPN	SP	_	9	nmod	_	_			Londra		
5716	13	Londra	Londra	PROPN	SP	_	14	obl	_	_			Londra		
2149	6	Luigi	Luigi	PROPN	SP	_	5	conj	_	SpaceAfter=No					
24	20	Lunigiana	Lunigiana	PROPN	SP	_	18	obl	_	SpaceAfter=No			Lunigiana (La Spezia)		
1756	29	Lunigiana	Lunigiana	PROPN	SP	_	27	obl	_	_			Lunigiana (La Spezia)		
2462	68	Lunigiana	Lunigiana	PROPN	SP	_	66	obl	_	SpaceAfter=No			Lunigiana (La Spezia)		
5	1	Madama	madama	PROPN	SP	_	18	nsubj	_	_					
446	1	Madama	Madama	PROPN	SP	_	10	nsubj	_	_					
610	1	Madama	madama	PROPN	SP	_	0	root	_	_					
702	1	Madama	madama	PROPN	SP	_	28	nsubj	_	_					
4178	2	Madama	Madama	PROPN	SP	_	10	nsubj	_	SpaceAfter=No					
4347	2	Madama	Madama	PROPN	SP	_	5	nsubj	_	SpaceAfter=No					
4573	2	Madama	Madama	PROPN	SP	_	16	nsubj	_	SpaceAfter=No					
4689	2	Madama	Madama	PROPN	SP	_	0	root	_	SpaceAfter=No					
2102	2	Madonna	Madonna	PROPN	SP	_	7	obl	_	SpaceAfter=No					
1105	2	Madonna	Madonna	PROPN	SP	_	5	nsubj:pass	_	SpaceAfter=No					
2047	2	Madonna	Madonna	PROPN	SP	_	0	root	_	SpaceAfter=No					
8142	2	Madonna	Madonna	PROPN	SP	_	8	nsubj	_	SpaceAfter=No					
8396	2	Madonna	Madonna	PROPN	SP	_	6	parataxis	_	SpaceAfter=No					
8454	2	Madonna	Madonna	PROPN	SP	_	0	root	_	SpaceAfter=No					
3225	2	Madonna	Madonna	PROPN	SP	_	0	root	_	SpaceAfter=No					
1862	12	Magra	Magra	PROPN	SP	_	9	nmod	_	_					
922	55	Maiolica	Maiolica	PROPN	SP	_	53	obl	_	SpaceAfter=No			Mallorca		
1141	69	Maiolica	Maiolica	PROPN	SP	_	67	nmod	_	_			Mallorca		
2374	21	Maiolica	Maiolica	PROPN	SP	_	19	nmod	_	_			Mallorca		
2473	7	Malaspina	Malaspina	PROPN	SP	_	6	flat:name	_	_					
1307	13	Malespini	Malespini	PROPN	SP	_	9	flat:name	_	_					
893	18	Malpertugio	Malpertugio	PROPN	SP	_	17	conj	_	SpaceAfter=No			Napoli		
292	20	Manfredi	Manfrede	PROPN	SP	_	19	conj	_	SpaceAfter=No					
359	27	Manfredi	Manfrede	PROPN	SP	_	26	obj	_	SpaceAfter=No					
424	19	Manfredi	Manfredio	PROPN	SP	_	18	nmod	_	_					
3349	28	Manfredi	Manfredio	PROPN	SP	_	27	nmod	_	SpaceAfter=No					
5282	44	Manovello	Manovello	PROPN	SP	_	42	conj	_	_					
5864	15	Manovello	Manovello	PROPN	SP	_	10	obl	_	SpaceAfter=No					
2675	22	Marato	Marato	PROPN	SP	_	2	flat:name	_	SpaceAfter=No					
2823	4	Marato	Marato	PROPN	SP	_	6	nsubj	_	_					
2995	81	Marato	Marato	PROPN	SP	_	80	obj	_	_					
3053	2	Marato	Marare	PROPN	SP	_	6	nsubj	_	_					
3175	59	Marato	Marare	PROPN	SP	_	61	nsubj	_	_					
3243	6	Marato	Marato	PROPN	SP	_	2	obl	_	_					
3265	27	Marato	Marato	PROPN	SP	_	25	conj	_	_					
3321	81	Marato	Marato	PROPN	SP	_	83	obj	_	_					
3393	33	Marato	Marato	PROPN	SP	_	32	nmod	_	_					
3506	69	Maravigliossi	Maravigliossi	PROPN	SP	_	56	nmod	_	_					
379	33	Marchese	Marchese	PROPN	SP	_	29	conj	_	SpaceAfter=No					
456	11	Marchese	Marchese	PROPN	SP	_	10	obj	_	SpaceAfter=No					
595	2	Marchese	Marchese	PROPN	SP	_	1	nsubj	_	SpaceAfter=No					
688	2	Marchese	Marchese	PROPN	SP	_	6	obl	_	_					
794	8	Marchese	Marchese	PROPN	SP	_	5	obl:agent	_	_					
1342	7	Marchese	Marchese	PROPN	SP	_	5	conj	_	_					
1409	71	Marchese	Marchese	PROPN	SP	_	70	nmod	_	_					
1430	14	Marchese	Marchese	PROPN	SP	_	12	nmod	_	SpaceAfter=No					
2005	34	Marchese	Marchese	PROPN	SP	_	32	conj	_	_					
932	17	Mare	Mare	PROPN	SP	_	15	nmod	_	SpaceAfter=No					
1303	1	Martellin	Martellin	PROPN	SP	_	2	nsubj	_	_					
5	1	Martellino	Martellino	PROPN	SP	_	10	nsubj	_	SpaceAfter=No					
375	29	Martellino	Martellino	PROPN	SP	_	16	appos	_	_					
555	1	Martellino	Martellino	PROPN	SP	_	11	nsubj	_	_					
605	6	Martellino	Martellino	PROPN	SP	_	5	flat:name	_	SpaceAfter=No					
719	20	Martellino	Martellino	PROPN	SP	_	22	nsubj	_	_					
897	14	Martellino	Martellino	PROPN	SP	_	23	nsubj	_	_					
921	1	Martellino	Martellino	PROPN	SP	_	7	nsubj	_	SpaceAfter=No					
1022	16	Martellino	Martellino	PROPN	SP	_	15	nsubj	_	SpaceAfter=No					
1517	32	Martellino	Martellino	PROPN	SP	_	31	nmod	_	_					
1647	2	Martellino	Martellino	PROPN	SP	_	3	nsubj	_	_					
1846	4	Martellino	Martellino	PROPN	SP	_	5	nsubj	_	_					
2141	18	Martellino	Martellino	PROPN	SP	_	16	nmod	_	_					
2165	16	Martellino	Martellino	PROPN	SP	_	18	obl	_	_					
49	5	Martellino	Martellino	PROPN	SP	_	3	nmod	_	_					
1306	4	Mercé	Mercé	PROPN	SP	_	2	obj	_	_					
5415	1	Messer	Messer	PROPN	SP	_	4	nsubj	_	_					
5610	1	Messer	Messer	PROPN	SP	_	21	nsubj	_	_					
4251	2	Messer	Messer	PROPN	SP	_	0	root	_	SpaceAfter=No					
1440	2	Messer	Messer	PROPN	SP	_	5	obl	_	SpaceAfter=No					
2750	59	Messer	Messer	PROPN	SP	_	5	obj	_	_					
3372	48	Messer	Messer	PROPN	SP	_	15	nsubj	_	_					
730	2	Messere	Messere	PROPN	SP	_	16	nsubj	_	SpaceAfter=No					
826	2	Messere	Messere	PROPN	SP	_	12	nsubj	_	SpaceAfter=No					
4330	2	Messere	Messere	PROPN	SP	_	6	obl	_	SpaceAfter=No					
1971	2	Messere	Messere	PROPN	SP	_	0	root	_	SpaceAfter=No					
2062	2	Messere	Messere	PROPN	SP	_	0	root	_	SpaceAfter=No					
4816	13	Minutolo	Minutolo	PROPN	SP	_	12	flat:name	_	SpaceAfter=No					
7	3	Monaco	Monaco	PROPN	SP	_	1	nmod	_	_			Principato di Monaco		
1177	54	Monaco	Monaco	PROPN	SP	_	55	obl	_	_			Principato di Monaco		
1210	86	Monaco	Monaco	PROPN	SP	_	83	conj	_	_			Principato di Monaco		
1308	11	Monaco	Monaco	PROPN	SP	_	9	obl	_	_			Principato di Monaco		
7433	2	Monsignore	monsignore	PROPN	SP	_	0	root	_	SpaceAfter=No					
3668	31	Morea	Morea	PROPN	SP	_	28	nmod	_	SpaceAfter=No			Andravida-Kyllini		
11	7	Napoli	Napoli	PROPN	SP	_	5	obl	_	_			Napoli		
151	32	Napoli	Napoli	PROPN	SP	_	35	obl	_	_			Napoli		
794	41	Napoli	Napoli	PROPN	SP	_	38	obl	_	SpaceAfter=No			Napoli		
2748	73	Napoli	Napoli	PROPN	SP	_	76	nsubj	_	_			Napoli		
4811	8	Napoli	Napoli	PROPN	SP	_	6	nmod	_	SpaceAfter=No			Napoli		
6403	24	Napoli	Napoli	PROPN	SP	_	22	obl	_	_			Napoli		
305	33	Napoli	Napoli	PROPN	SP	_	31	nmod	_	_			Napoli		
542	17	Napoli	Napoli	PROPN	SP	_	13	obl	_	_			Napoli		
574	13	Napoli	Napoli	PROPN	SP	_	15	obl	_	_			Napoli		
51	7	Neifile	Neifila	PROPN	SP	_	3	nmod	_	_					
79	10	Neifile	Neifilo	PROPN	SP	_	8	obl	_	_					
827	28	Nero	Nero	PROPN	SP	_	27	nmod	_	SpaceAfter=No					
2575	27	Niccolò	Niccolò	PROPN	SP	_	24	nmod	_	_					
2877	17	Nostro	nostro	PROPN	SP	_	20	nsubj	_	_					
3521	9	Oh!	Oh!	PROPN	SP	_	3	obj	_	SpaceAfter=No					
6449	9	Osbech	Osbech	PROPN	SP	_	33	nsubj	_	SpaceAfter=No					
6588	5	Osbech	Osbech	PROPN	SP	_	4	obj	_	SpaceAfter=No					
6679	26	Osbech	Osbech	PROPN	SP	_	42	obl	_	_					
6767	110	Osbech	Osbech	PROPN	SP	_	111	nsubj	_	_					
6909	4	Osbech	Osbech	PROPN	SP	_	2	nmod	_	SpaceAfter=No					
7071	4	Osbech	Osbech	PROPN	SP	_	3	nmod	_	_					
7106	10	Osbech	Osbech	PROPN	SP	_	8	obl	_	SpaceAfter=No					
1548	55	Padre	Padre	PROPN	SP	_	54	flat:name	_	_					
3035	3	Padre	padre	PROPN	SP	_	2	flat:name	_	SpaceAfter=No					
65	15	Paganin	Paganin	PROPN	SP	_	13	nmod	_	_					
930	15	Paganin	Paganin	PROPN	SP	_	13	nmod	_	_					
963	10	Paganin	Paganin	PROPN	SP	_	12	nsubj	_	_					
2164	1	Paganin	Paganin	PROPN	SP	_	2	nsubj	_	_					
3502	3	Paganin	Paganin	PROPN	SP	_	4	nsubj	_	_					
5	1	Paganino	Paganare	PROPN	SP	_	4	nsubj	_	_					
31	27	Paganino	Paganino	PROPN	SP	_	25	nmod	_	SpaceAfter=No					
1084	2	Paganino	Paganino	PROPN	SP	_	4	obl	_	SpaceAfter=No					
1204	80	Paganino	Paganino	PROPN	SP	_	73	obl	_	SpaceAfter=No					
1323	26	Paganino	Paganino	PROPN	SP	_	24	nmod	_	_					
1345	8	Paganino	Paganino	PROPN	SP	_	7	obj	_	SpaceAfter=No					
1366	28	Paganino	Paganino	PROPN	SP	_	26	obj	_	_					
1430	4	Paganino	Paganino	PROPN	SP	_	8	nsubj	_	_					
1699	5	Paganino	Paganino	PROPN	SP	_	4	xcomp	_	_					
1717	9	Paganino	Paganino	PROPN	SP	_	7	nmod	_	_					
1725	17	Paganino	Paganino	PROPN	SP	_	19	nsubj	_	_					
1746	38	Paganino	Paganino	PROPN	SP	_	35	obl	_	_					
1766	58	Paganino	Paganino	PROPN	SP	_	55	nmod	_	_					
2125	11	Paganino	Paganino	PROPN	SP	_	9	nmod	_	SpaceAfter=No					
2150	9	Paganino	Paganino	PROPN	SP	_	5	obl	_	_					
3100	12	Paganino	Paganino	PROPN	SP	_	10	nmod	_	_					
3133	45	Paganino	Paganino	PROPN	SP	_	50	nsubj	_	_					
3410	84	Paganino	Paganino	PROPN	SP	_	81	nmod	_	_					
1409	20	Palermo	Palermo	PROPN	SP	_	17	obl	_	SpaceAfter=No			Palermo		
1515	11	Palermo	Palermo	PROPN	SP	_	8	obl	_	_			Palermo		
1680	7	Palermo	Palermo	PROPN	SP	_	3	obl	_	SpaceAfter=No			Palermo		
1728	55	Palermo	Palermo	PROPN	SP	_	53	obl	_	SpaceAfter=No			Palermo		
1988	43	Palermo	Palermo	PROPN	SP	_	41	obl	_	_			Palermo		
2257	34	Palermo	Palermo	PROPN	SP	_	29	conj	_	_			Palermo		
3265	46	Palermo	Palermo	PROPN	SP	_	44	nmod	_	SpaceAfter=No			Palermo		
6510	29	Palermo	Palermo	PROPN	SP	_	27	obl	_	_			Palermo		
169	15	Pampinea	Pampinea	PROPN	SP	_	13	nsubj	_	SpaceAfter=No					
51	4	Pampinea	Pampinea	PROPN	SP	_	3	nmod	_	_					
118	35	Pampinea	Pampinea	PROPN	SP	_	33	nmod	_	_					
132	15	Panfilo	Panfilo	PROPN	SP	_	16	nsubj	_	_					
150	19	Panfilo	Panfilo	PROPN	SP	_	17	nmod	_	_					
2716	10	Papa	Papa	PROPN	SP	_	11	obl	_	_					
3016	25	Papa	Papa	PROPN	SP	_	22	obl	_	SpaceAfter=No					
3553	23	Papa	Papa	PROPN	SP	_	25	obl	_	_					
3576	5	Papa	Papa	PROPN	SP	_	7	nsubj	_	_					
3876	28	Parigi	Parigi	PROPN	SP	_	22	conj	_	_			Parigi		
5528	15	Parigi	Parigi	PROPN	SP	_	10	nmod	_	_			Parigi		
7669	46	Parigi	Parigi	PROPN	SP	_	44	obl	_	_			Parigi		
7740	9	Parigi	Parigi	PROPN	SP	_	7	obl	_	_			Parigi		
289	3	Parigi	Parigi	PROPN	SP	_	0	root	_	_			Parigi		
2611	52	Parigi	Parigi	PROPN	SP	_	50	obl	_	_			Parigi		
2980	5	Parigi	Parigi	PROPN	SP	_	2	nmod	_	_			Parigi		
2015	61	Perdicon	Perdicon	PROPN	SP	_	59	nmod	_	_					
2137	1	Perdicone	Perdicone	PROPN	SP	_	8	nsubj:pass	_	SpaceAfter=No					
1510	25	Pericon	Pericon	PROPN	SP	_	0	root	_	_					
2930	18	Pericon	Pericon	PROPN	SP	_	29	nsubj	_	_					
1663	14	Pericone	Pericone	PROPN	SP	_	12	obl	_	_					
1789	30	Pericone	Pericone	PROPN	SP	_	27	nmod	_	SpaceAfter=No					
1833	2	Pericone	Pericone	PROPN	SP	_	3	nsubj	_	_					
1948	18	Pericone	Pericone	PROPN	SP	_	16	nmod	_	SpaceAfter=No					
2390	4	Pericone	Pericone	PROPN	SP	_	3	obj	_	SpaceAfter=No					
2464	16	Pericone	Pericone	PROPN	SP	_	34	nsubj	_	_					
2497	1	Pericone	Pericone	PROPN	SP	_	3	nsubj	_	_					
2575	31	Pericone	Pericone	PROPN	SP	_	29	nmod	_	_					
2617	6	Pericone	Pericone	PROPN	SP	_	4	nmod	_	_					
2655	2	Pericone	Pericone	PROPN	SP	_	1	obj	_	_					
2736	54	Pericone	Pericone	PROPN	SP	_	53	flat:name	_	SpaceAfter=No					
2863	21	Pericone	Pericone	PROPN	SP	_	19	nmod	_	SpaceAfter=No					
2939	27	Pericone	Pericone	PROPN	SP	_	18	conj	_	_					
2970	57	Pericone	Pericone	PROPN	SP	_	55	nmod	_	SpaceAfter=No					
3084	31	Pericone	Pericone	PROPN	SP	_	33	nsubj	_	_					
2231	28	Perotto	Perotto	PROPN	SP	_	27	nmod	_	_					
2518	27	Perotto	Perotto	PROPN	SP	_	24	conj	_	_					
2625	32	Perotto	Perotto	PROPN	SP	_	34	nsubj	_	_					
5391	46	Perotto	Perotto	PROPN	SP	_	45	nmod	_	SpaceAfter=No					
5469	22	Perotto	Perotto	PROPN	SP	_	20	nmod	_	_					
5648	66	Perotto	Perotto	PROPN	SP	_	67	nsubj	_	_					
6581	23	Perotto	Perotto	PROPN	SP	_	25	nmod	_	_					
6967	32	Perotto	Perotto	PROPN	SP	_	30	nmod	_	SpaceAfter=No					
6997	12	Perotto	Perotto	PROPN	SP	_	8	obl	_	SpaceAfter=No					
7167	28	Perotto	Perurre	PROPN	SP	_	29	nsubj	_	_					
7282	25	Perotto	Perotto	PROPN	SP	_	24	obj	_	_					
7425	15	Perotto	Perotto	PROPN	SP	_	13	conj	_	SpaceAfter=No					
7530	47	Perotto	Perotto	PROPN	SP	_	46	obj	_	SpaceAfter=No					
7682	59	Perotto	Perotto	PROPN	SP	_	57	nmod	_	SpaceAfter=No					
7	3	Perugia	Perugia	PROPN	SP	_	1	obl	_	SpaceAfter=No			Perugia		
129	10	Perugia	Perugia	PROPN	SP	_	7	obl	_	_			Perugia		
565	37	Perugia	Perugia	PROPN	SP	_	31	conj	_	_			Perugia		
1519	15	Perugia	Perugia	PROPN	SP	_	13	obl	_	SpaceAfter=No			Perugia		
2260	37	Perugia	Perugia	PROPN	SP	_	29	conj	_	_			Perugia		
6417	9	Perugia	Perugia	PROPN	SP	_	6	conj	_	_			Perugia		
6077	15	Petro	Petro	PROPN	SP	_	14	nmod	_	SpaceAfter=No					
816	14	Piagenza	Piagenza	PROPN	SP	_	12	nmod	_	SpaceAfter=No			Piacenza		
4213	6	Piagenza	Piagenza	PROPN	SP	_	4	nmod	_	_			Piacenza		
2351	9	Piccardia	Piccardia	PROPN	SP	_	5	obl	_	_			Piccardia		
3123	31	Piero	Piero	PROPN	SP	_	30	nmod	_	_					
138	19	Pietro	Pietro	PROPN	SP	_	17	flat:name	_	SpaceAfter=No					
1390	1	Pietro	Pietro	PROPN	SP	_	10	obl	_	SpaceAfter=No					
1509	6	Pietro	Pietro	PROPN	SP	_	4	nmod	_	_					
342	4	Pisa	Pisa	PROPN	SP	_	6	nmod	_	_			Pisa		
470	38	Pisa	Pisa	PROPN	SP	_	36	nmod	_	SpaceAfter=No			Pisa		
1051	7	Pisa	Pisa	PROPN	SP	_	1	conj	_	_			Pisa		
2831	17	Pisa	Pisa	PROPN	SP	_	19	fixed	_	_			Pisa		
3103	15	Pisa	Pisa	PROPN	SP	_	17	obl	_	_			Pisa		
3435	15	Pisa	Pisa	PROPN	SP	_	17	obl	_	_			Pisa		
3453	12	Pisa	Pisa	PROPN	SP	_	10	obl	_	SpaceAfter=No			Pisa		
1071	13	Ponente	Ponente	PROPN	SP	_	5	conj	_	_					
8954	31	Ponente	Ponente	PROPN	SP	_	28	nmod	_	SpaceAfter=No					
585	23	Ponzo	Ponzo	PROPN	SP	_	21	nmod	_	SpaceAfter=No			Ponza		
1928	8	Ponzo	Ponzo	PROPN	SP	_	6	obl	_	_			Ponza		
2217	9	Procida	Procida	PROPN	SP	_	3	nmod	_	_			Procida		
3132	40	Procida	Procida	PROPN	SP	_	38	nmod	_	_			Procida		
1332	37	Puglia	Puglia	PROPN	SP	_	35	nmod	_	_			Puglia		
3125	33	Raona	Raona	PROPN	SP	_	30	nmod	_	_			Aragona		
295	8	Ravello	Ravello	PROPN	SP	_	7	nmod	_	SpaceAfter=No			Ravello		
2364	74	Ravello	Ravello	PROPN	SP	_	67	conj	_	SpaceAfter=No			Ravello		
615	39	Ravenna	Ravenna	PROPN	SP	_	37	obl	_	SpaceAfter=No			Ravenna		
222	6	Reggio	Reggio	PROPN	SP	_	4	nmod	_	_			Reggio Calabria		
364	32	Regno	Regno	PROPN	SP	_	36	obl	_	_					
360	22	Riccardo	Riccardo	PROPN	SP	_	21	obj	_	_					
809	11	Riccardo	Riccardo	PROPN	SP	_	13	nsubj:pass	_	_					
994	18	Riccardo	Riccardo	PROPN	SP	_	30	nsubj	_	_					
1250	11	Riccardo	Riccardo	PROPN	SP	_	8	nmod	_	_					
1342	5	Riccardo	Riccardo	PROPN	SP	_	4	nmod	_	SpaceAfter=No					
1389	9	Riccardo	Riccardo	PROPN	SP	_	8	obj	_	SpaceAfter=No					
1635	4	Riccardo	Riccardo	PROPN	SP	_	3	nsubj	_	SpaceAfter=No					
1744	36	Riccardo	Riccardo	PROPN	SP	_	35	obj	_	_					
1755	47	Riccardo	Riccardo	PROPN	SP	_	43	advcl	_	_					
1908	10	Riccardo	Riccardo	PROPN	SP	_	9	nmod	_	SpaceAfter=No					
2012	3	Riccardo	Riccardo	PROPN	SP	_	2	nsubj	_	SpaceAfter=No					
2046	16	Riccardo	Riccardo	PROPN	SP	_	9	ccomp	_	_					
2117	3	Riccardo	Riccardo	PROPN	SP	_	0	root	_	_					
2225	11	Riccardo	Riccardo	PROPN	SP	_	1	nsubj	_	_					
2237	23	Riccardo	Riccardo	PROPN	SP	_	22	obj	_	_					
2265	21	Riccardo	Riccardo	PROPN	SP	_	20	nmod	_	_					
2344	19	Riccardo	Riccardo	PROPN	SP	_	18	obj	_	_					
2751	60	Riccardo	Riccardo	PROPN	SP	_	59	flat:name	_	SpaceAfter=No					
3373	49	Riccardo	Riccardo	PROPN	SP	_	48	flat:name	_	SpaceAfter=No					
13	9	Ricciardo	Ricciardo	PROPN	SP	_	8	obj	_	_					
61	11	Ricciardo	Ricciardo	PROPN	SP	_	16	conj	_	SpaceAfter=No					
200	17	Rinaldo	Rinaldo	PROPN	SP	_	16	xcomp	_	_					
418	47	Rinaldo	Rinaldo	PROPN	SP	_	45	obl	_	SpaceAfter=No					
442	19	Rinaldo	Rinaldo	PROPN	SP	_	20	nsubj	_	_					
672	10	Rinaldo	Rinaldo	PROPN	SP	_	11	nsubj	_	_					
973	4	Rinaldo	Rinaldo	PROPN	SP	_	2	nmod	_	_					
1029	1	Rinaldo	Rinaldo	PROPN	SP	_	3	nsubj	_	SpaceAfter=No					
1412	16	Rinaldo	Rinaldo	PROPN	SP	_	19	nsubj	_	_					
1599	11	Rinaldo	Rinaldo	PROPN	SP	_	10	nmod	_	_					
1627	37	Rinaldo	Rinaldo	PROPN	SP	_	38	nsubj	_	_					
1729	2	Rinaldo	Rinaldo	PROPN	SP	_	0	root	_	SpaceAfter=No					
2471	5	Rinaldo	Rinaldo	PROPN	SP	_	4	conj	_	SpaceAfter=No					
83	8	Rinaldo	Rinaldo	PROPN	SP	_	6	nmod	_	_					
604	5	Rispose	rispondere	PROPN	SP	_	0	root	_	_					
7114	18	Rodi	Rodi	PROPN	SP	_	16	obl	_	SpaceAfter=No			Rodi		
7574	15	Rodi	Rodi	PROPN	SP	_	13	nmod	_	_			Rodi		
7756	20	Rodi	Rodi	PROPN	SP	_	18	nmod	_	_			Rodi		
1541	49	Roma	Roma	PROPN	SP	_	47	nmod	_	_			Roma		
2986	61	Roma	Roma	PROPN	SP	_	59	obl	_	SpaceAfter=No			Roma		
3785	11	Roma	Roma	PROPN	SP	_	3	nmod	_	_			Roma		
273	7	Roma	Roma	PROPN	SP	_	5	nmod	_	_			Roma		
2787	24	Romania	Romania	PROPN	SP	_	20	obl	_	SpaceAfter=No			Peloponneso		
3909	42	Romania	Romania	PROPN	SP	_	43	nsubj	_	_			Peloponneso		
6698	35	Ruem	Ruem	PROPN	SP	_	33	nmod	_	SpaceAfter=No			Rouen		
6	2	Rufolo	Rufolo	PROPN	SP	_	1	flat:name	_	SpaceAfter=No					
323	35	Rufolo	Rufolo	PROPN	SP	_	34	flat:name	_	SpaceAfter=No					
4326	39	Ruga	Ruga	PROPN	SP	_	37	nsubj	_	_			Napoli		
241	24	Salerno	Salerno	PROPN	SP	_	27	nsubj	_	_			Salerno		
2102	10	Sandro	Sandro	PROPN	SP	_	7	obl	_	_					
2148	1	Sandro	Sandro	PROPN	SP	_	13	nsubj	_	SpaceAfter=No					
3393	71	Santità	Santità	PROPN	SP	_	66	conj	_	SpaceAfter=No					
1547	54	Santo	Santo	PROPN	SP	_	51	obl	_	_					
3034	2	Santo	santo	PROPN	SP	_	0	root	_	_					
781	5	Sardigna	Sardigna	PROPN	SP	_	3	obj	_	_			Sardegna		
520	75	Scacciato	Scacciato	PROPN	SP	_	73	obj	_	SpaceAfter=No					
5385	20	Scacciato	Scacciare	PROPN	SP	_	27	nsubj	_	_					
6351	26	Scacciato	Scacciato	PROPN	SP	_	29	obl	_	_					
3125	46	Scozia	Scozia	PROPN	SP	_	44	nmod	_	_			Scozia		
3175	11	Scozia	Scozia	PROPN	SP	_	9	nmod	_	_			Scozia		
4059	36	Scozia	Scozia	PROPN	SP	_	33	obj	_	_			Scozia		
33	29	Scozia	Scozia	PROPN	SP	_	27	nmod	_	SpaceAfter=No			Scozia		
9484	64	Sepolcro	Sepolcro	PROPN	SP	_	62	obj	_	SpaceAfter=No					
122	2	Servar	Servare	PROPN	SP	_	4	obl	_	_					
3781	24	Sicuran	Sicuran	PROPN	SP	_	23	obj	_	_					
4355	25	Sicuran	Sicuran	PROPN	SP	_	26	nsubj	_	_					
5006	35	Sicuran	Sicuran	PROPN	SP	_	27	appos	_	_					
3872	16	Sicurano	Sicurano	PROPN	SP	_	14	nmod	_	SpaceAfter=No					
4052	13	Sicurano	Sicurano	PROPN	SP	_	12	obj	_	SpaceAfter=No					
4071	3	Sicurano	Sicurano	PROPN	SP	_	1	nsubj	_	_					
4278	14	Sicurano	Sicurano	PROPN	SP	_	17	nsubj	_	SpaceAfter=No					
4476	25	Sicurano	Sicurano	PROPN	SP	_	20	obl	_	SpaceAfter=No					
4490	39	Sicurano	Sicurano	PROPN	SP	_	38	obj	_	SpaceAfter=No					
4675	14	Sicurano	Sicurano	PROPN	SP	_	12	obl	_	SpaceAfter=No					
4760	9	Sicurano	Sicurano	PROPN	SP	_	7	nmod	_	SpaceAfter=No					
2878	18	Signore	signore	PROPN	SP	_	17	flat:name	_	_					
694	72	Signore	signore	PROPN	SP	_	69	nmod	_	_					
2930	2	Signori	signore	PROPN	SP	_	0	root	_	SpaceAfter=No					
6477	36	Smirre	Smirre	PROPN	SP	_	33	nmod	_	SpaceAfter=No			Smirne		
6577	94	Smirre	Smirre	PROPN	SP	_	96	obl	_	_			Smirne		
6821	34	Smirre	Smirre	PROPN	SP	_	31	obl	_	_			Smirne		
6882	13	Smirre	Smirre	PROPN	SP	_	8	obl	_	SpaceAfter=No			Smirne		
2569	21	Spina	spina	PROPN	SP	_	10	ccomp	_	SpaceAfter=No					
3096	6	Spina	spina	PROPN	SP	_	3	conj	_	_					
3831	6	Spina	spina	PROPN	SP	_	27	nsubj	_	_					
4278	41	Spina	spina	PROPN	SP	_	39	obj	_	SpaceAfter=No					
4359	120	Spina	spina	PROPN	SP	_	118	nsubj	_	SpaceAfter=No					
5036	16	Spina	spina	PROPN	SP	_	10	conj	_	_					
6472	46	Spina	spina	PROPN	SP	_	44	obj	_	_					
2788	35	Stanforda	Stanforda	PROPN	SP	_	47	obl	_	SpaceAfter=No			Strangford		
371	25	Stecchi	Stecchi	PROPN	SP	_	24	xcomp	_	SpaceAfter=No					
633	17	Stecchi	Stecchi	PROPN	SP	_	15	conj	_	_					
691	5	Stecchi	Stecchi	PROPN	SP	_	2	conj	_	_					
797	11	Stecchi	Stecchi	PROPN	SP	_	8	conj	_	SpaceAfter=No					
1340	5	Stecchi	Stecchi	PROPN	SP	_	4	nsubj	_	_					
2007	36	Stecchi	Stecchi	PROPN	SP	_	32	conj	_	SpaceAfter=No					
179	2	Suolsi	Suolsi	PROPN	SP	_	6	obl	_	_					
418	14	Tebaldo	Tebaldo	PROPN	SP	_	8	nmod	_	SpaceAfter=No					
545	64	Tebaldo	Tebaldo	PROPN	SP	_	68	nsubj	_	_					
521	40	Tedaldo	Tedaldo	PROPN	SP	_	34	obj	_	_					
1847	7	Toscana	Toscana	PROPN	SP	_	11	nsubj	_	_			Toscana		
1916	2	Tosto	Tosto	PROPN	SP	_	4	nsubj	_	SpaceAfter=No					
2309	21	Trani	Trani	PROPN	SP	_	18	obl	_	SpaceAfter=No			Trani		
2498	43	Trani	Trani	PROPN	SP	_	41	obl	_	_			Trani		
161	13	Trivigi	Trivigi	PROPN	SP	_	11	obl	_	_			Treviso		
244	40	Trivigi	Trivigi	PROPN	SP	_	38	nmod	_	_			Treviso		
358	12	Trivigi	Trivigi	PROPN	SP	_	13	obl	_	_			Treviso		
2108	16	Trivigi	Trivigi	PROPN	SP	_	17	obl	_	_			Treviso		
934	2	Va	Va	PROPN	SP	_	15	nsubj	_	SpaceAfter=No					
1654	2	Va	Va	PROPN	SP	_	0	root	_	SpaceAfter=No					
1845	2	Va	Va	PROPN	SP	_	0	root	_	SpaceAfter=No					
9258	59	Valcava	Valcava	PROPN	SP	_	54	obl	_	SpaceAfter=No			Borgo San Lorenzo (FI)		
4735	2	Vedi	vedere	PROPN	SP	_	7	obl	_	SpaceAfter=No					
2234	41	Venere	Venere	PROPN	SP	_	39	nmod	_	SpaceAfter=No					
230	46	Verona	Verona	PROPN	SP	_	44	obl	_	SpaceAfter=No			Verona		
2163	20	Violante	Violante	PROPN	SP	_	19	obj	_	SpaceAfter=No					
2840	1	Violante	Violante	PROPN	SP	_	13	nsubj:pass	_	SpaceAfter=No					
7084	48	Violante	Violante	PROPN	SP	_	27	conj	_	_					
1512	27	Visalgo	Visalgo	PROPN	SP	_	25	nmod	_	SpaceAfter=No			Mallorca		
2839	4	Zinevra	Zinevra	PROPN	SP	_	3	obj	_	_					
4808	10	Zinevra	Zinevra	PROPN	SP	_	8	nmod	_	SpaceAfter=No					
5198	17	Zinevra	Zinevra	PROPN	SP	_	16	nmod	_	_					
5201	20	Zinevra	Zinevra	PROPN	SP	_	19	nmod	_	_					
5289	19	Zinevra	Zinevra	PROPN	SP	_	18	conj	_	SpaceAfter=No					
